NewsID,Date,Symbol,Headline,Source,SentimentLabel
1,2023-01-02,AAPL,AAPL board approves routine dividend payment,Reuters,Neutral
2,2023-01-02,AMZN,AMZN shares slide on supply chain concerns,Bloomberg,Negative
3,2023-01-02,JNJ,JNJ announces new product launch to strong demand,Reuters,Positive
4,2023-01-03,CVX,Analysts downgrade CVX citing weak outlook,MarketWatch,Negative
5,2023-01-04,JPM,JPM completes previously announced share buyback,Financial Times,Neutral
6,2023-01-05,JNJ,JNJ reports record profit margins this quarter,Reuters,Positive
7,2023-01-06,AAPL,AAPL announces new product launch to strong demand,Reuters,Positive
8,2023-01-06,AMZN,AMZN shares slide on supply chain concerns,CNBC,Negative
9,2023-01-06,JNJ,JNJ beats quarterly earnings expectations,MarketWatch,Positive
10,2023-01-09,AAPL,AAPL announces new product launch to strong demand,Reuters,Positive
11,2023-01-09,PFE,Analysts upgrade PFE on strong revenue growth,Bloomberg,Positive
12,2023-01-10,CVX,CVX shares rally after positive guidance,Financial Times,Positive
13,2023-01-11,AAPL,Analysts upgrade AAPL on strong revenue growth,Reuters,Positive
14,2023-01-11,BAC,BAC schedules quarterly earnings call,MarketWatch,Neutral
15,2023-01-12,AAPL,AAPL board approves routine dividend payment,MarketWatch,Neutral
16,2023-01-12,JNJ,Market watchers await JNJ earnings report,CNBC,Neutral
17,2023-01-17,GOOGL,GOOGL shares rally after positive guidance,Reuters,Positive
18,2023-01-18,AMZN,AMZN schedules quarterly earnings call,Bloomberg,Neutral
19,2023-01-19,JPM,JPM reports record profit margins this quarter,CNBC,Positive
20,2023-01-19,XOM,XOM announces layoffs amid cost-cutting drive,CNBC,Negative
21,2023-01-23,JPM,JPM faces regulatory scrutiny over practices,MarketWatch,Negative
22,2023-01-24,MSFT,MSFT board approves routine dividend payment,Reuters,Neutral
23,2023-01-24,GOOGL,GOOGL announces new product launch to strong demand,Financial Times,Positive
24,2023-01-24,JPM,JPM schedules quarterly earnings call,MarketWatch,Neutral
25,2023-01-24,BAC,BAC faces regulatory scrutiny over practices,Reuters,Negative
26,2023-01-25,GOOGL,GOOGL beats quarterly earnings expectations,Financial Times,Positive
27,2023-01-25,JPM,JPM reports record profit margins this quarter,MarketWatch,Positive
28,2023-01-25,BAC,"BAC misses earnings estimates, shares fall",Reuters,Negative
29,2023-01-25,CVX,CVX completes previously announced share buyback,Reuters,Neutral
30,2023-01-26,JPM,JPM faces regulatory scrutiny over practices,CNBC,Negative
31,2023-01-26,JNJ,"JNJ misses earnings estimates, shares fall",Financial Times,Negative
32,2023-01-27,BAC,BAC beats quarterly earnings expectations,Reuters,Positive
33,2023-01-30,MSFT,MSFT announces new product launch to strong demand,MarketWatch,Positive
34,2023-01-30,GOOGL,GOOGL completes previously announced share buyback,Financial Times,Neutral
35,2023-01-30,XOM,XOM announces layoffs amid cost-cutting drive,CNBC,Negative
36,2023-01-31,XOM,Market watchers await XOM earnings report,Financial Times,Neutral
37,2023-01-31,CVX,CVX shares slide on supply chain concerns,CNBC,Negative
38,2023-02-01,AAPL,Analysts downgrade AAPL citing weak outlook,Reuters,Negative
39,2023-02-02,AAPL,AAPL announces layoffs amid cost-cutting drive,MarketWatch,Negative
40,2023-02-02,CVX,CVX announces new product launch to strong demand,CNBC,Positive
41,2023-02-02,JNJ,JNJ schedules quarterly earnings call,Bloomberg,Neutral
42,2023-02-03,XOM,XOM beats quarterly earnings expectations,Financial Times,Positive
43,2023-02-06,MSFT,MSFT to present at industry conference next week,Financial Times,Neutral
44,2023-02-06,XOM,XOM board approves routine dividend payment,CNBC,Neutral
45,2023-02-07,PFE,Analysts upgrade PFE on strong revenue growth,Bloomberg,Positive
46,2023-02-08,MSFT,Analysts upgrade MSFT on strong revenue growth,Financial Times,Positive
47,2023-02-08,AMZN,AMZN schedules quarterly earnings call,Bloomberg,Neutral
48,2023-02-09,AAPL,AAPL announces new product launch to strong demand,Bloomberg,Positive
49,2023-02-10,BAC,BAC shares rally after positive guidance,CNBC,Positive
50,2023-02-14,AMZN,Market watchers await AMZN earnings report,MarketWatch,Neutral
51,2023-02-14,PFE,Market watchers await PFE earnings report,MarketWatch,Neutral
52,2023-02-15,CVX,CVX shares slide on supply chain concerns,MarketWatch,Negative
53,2023-02-16,GOOGL,GOOGL faces regulatory scrutiny over practices,Financial Times,Negative
54,2023-02-16,JPM,JPM announces layoffs amid cost-cutting drive,Reuters,Negative
55,2023-02-16,BAC,BAC shares rally after positive guidance,Bloomberg,Positive
56,2023-02-16,CVX,CVX shares rally after positive guidance,CNBC,Positive
57,2023-02-17,AAPL,Analysts upgrade AAPL on strong revenue growth,CNBC,Positive
58,2023-02-21,MSFT,MSFT announces new product launch to strong demand,Financial Times,Positive
59,2023-02-21,BAC,Market watchers await BAC earnings report,CNBC,Neutral
60,2023-02-22,PFE,Analysts upgrade PFE on strong revenue growth,Bloomberg,Positive
61,2023-02-23,XOM,XOM board approves routine dividend payment,Reuters,Neutral
62,2023-02-28,AAPL,AAPL announces layoffs amid cost-cutting drive,MarketWatch,Negative
63,2023-03-01,JPM,JPM completes previously announced share buyback,MarketWatch,Neutral
64,2023-03-01,CVX,Market watchers await CVX earnings report,CNBC,Neutral
65,2023-03-03,XOM,XOM to present at industry conference next week,MarketWatch,Neutral
66,2023-03-03,PFE,PFE shares rally after positive guidance,Bloomberg,Positive
67,2023-03-06,MSFT,MSFT reports record profit margins this quarter,Bloomberg,Positive
68,2023-03-07,XOM,XOM announces new product launch to strong demand,Reuters,Positive
69,2023-03-07,CVX,CVX announces new product launch to strong demand,Bloomberg,Positive
70,2023-03-09,AMZN,AMZN shares slide on supply chain concerns,Reuters,Negative
71,2023-03-14,JPM,JPM announces new product launch to strong demand,Financial Times,Positive
72,2023-03-16,JPM,JPM schedules quarterly earnings call,Financial Times,Neutral
73,2023-03-20,CVX,CVX completes previously announced share buyback,MarketWatch,Neutral
74,2023-03-21,BAC,BAC faces regulatory scrutiny over practices,Bloomberg,Negative
75,2023-03-22,XOM,Analysts downgrade XOM citing weak outlook,MarketWatch,Negative
76,2023-03-23,XOM,XOM beats quarterly earnings expectations,Bloomberg,Positive
77,2023-03-28,MSFT,MSFT shares rally after positive guidance,MarketWatch,Positive
78,2023-03-28,GOOGL,GOOGL shares slide on supply chain concerns,Reuters,Negative
79,2023-03-29,CVX,CVX to present at industry conference next week,Financial Times,Neutral
80,2023-03-31,BAC,BAC completes previously announced share buyback,Reuters,Neutral
81,2023-03-31,JNJ,JNJ board approves routine dividend payment,CNBC,Neutral
82,2023-04-03,XOM,Market watchers await XOM earnings report,Financial Times,Neutral
83,2023-04-03,JNJ,Analysts downgrade JNJ citing weak outlook,CNBC,Negative
84,2023-04-04,BAC,Market watchers await BAC earnings report,Bloomberg,Neutral
85,2023-04-05,GOOGL,GOOGL shares slide on supply chain concerns,Reuters,Negative
86,2023-04-05,JNJ,JNJ completes previously announced share buyback,CNBC,Neutral
87,2023-04-10,BAC,BAC beats quarterly earnings expectations,CNBC,Positive
88,2023-04-10,PFE,PFE shares slide on supply chain concerns,MarketWatch,Negative
89,2023-04-11,BAC,BAC shares rally after positive guidance,Bloomberg,Positive
90,2023-04-11,XOM,XOM announces layoffs amid cost-cutting drive,MarketWatch,Negative
91,2023-04-11,CVX,"CVX misses earnings estimates, shares fall",Financial Times,Negative
92,2023-04-13,MSFT,MSFT completes previously announced share buyback,Bloomberg,Neutral
93,2023-04-14,AMZN,AMZN faces regulatory scrutiny over practices,Reuters,Negative
94,2023-04-14,BAC,BAC announces layoffs amid cost-cutting drive,CNBC,Negative
95,2023-04-17,CVX,CVX schedules quarterly earnings call,CNBC,Neutral
96,2023-04-17,JNJ,Analysts downgrade JNJ citing weak outlook,Financial Times,Negative
97,2023-04-18,JPM,JPM board approves routine dividend payment,MarketWatch,Neutral
98,2023-04-19,MSFT,MSFT reports record profit margins this quarter,Financial Times,Positive
99,2023-04-19,AMZN,AMZN shares slide on supply chain concerns,MarketWatch,Negative
100,2023-04-20,MSFT,Analysts upgrade MSFT on strong revenue growth,Bloomberg,Positive
101,2023-04-21,AAPL,AAPL completes previously announced share buyback,Reuters,Neutral
102,2023-04-21,PFE,PFE shares rally after positive guidance,CNBC,Positive
103,2023-04-24,JNJ,JNJ announces new product launch to strong demand,Reuters,Positive
104,2023-04-26,GOOGL,"GOOGL misses earnings estimates, shares fall",MarketWatch,Negative
105,2023-04-26,BAC,BAC completes previously announced share buyback,Bloomberg,Neutral
106,2023-04-26,XOM,XOM to present at industry conference next week,Bloomberg,Neutral
107,2023-04-26,PFE,Analysts upgrade PFE on strong revenue growth,Bloomberg,Positive
108,2023-05-01,XOM,XOM faces regulatory scrutiny over practices,Reuters,Negative
109,2023-05-03,AAPL,Market watchers await AAPL earnings report,CNBC,Neutral
110,2023-05-04,MSFT,MSFT announces new product launch to strong demand,Financial Times,Positive
111,2023-05-04,JPM,Analysts upgrade JPM on strong revenue growth,Reuters,Positive
112,2023-05-04,BAC,Analysts upgrade BAC on strong revenue growth,Bloomberg,Positive
113,2023-05-04,XOM,"XOM misses earnings estimates, shares fall",Reuters,Negative
114,2023-05-05,JPM,JPM faces regulatory scrutiny over practices,Financial Times,Negative
115,2023-05-10,MSFT,MSFT reports record profit margins this quarter,Reuters,Positive
116,2023-05-10,BAC,Analysts downgrade BAC citing weak outlook,MarketWatch,Negative
117,2023-05-10,XOM,XOM faces regulatory scrutiny over practices,Financial Times,Negative
118,2023-05-10,JNJ,JNJ faces regulatory scrutiny over practices,Reuters,Negative
119,2023-05-11,XOM,XOM shares rally after positive guidance,Bloomberg,Positive
120,2023-05-12,JPM,JPM to present at industry conference next week,Reuters,Neutral
121,2023-05-15,PFE,PFE beats quarterly earnings expectations,Reuters,Positive
122,2023-05-16,MSFT,MSFT shares rally after positive guidance,Bloomberg,Positive
123,2023-05-16,PFE,PFE announces layoffs amid cost-cutting drive,Reuters,Negative
124,2023-05-19,AMZN,AMZN shares rally after positive guidance,MarketWatch,Positive
125,2023-05-19,CVX,CVX shares slide on supply chain concerns,Reuters,Negative
126,2023-05-23,CVX,CVX schedules quarterly earnings call,Bloomberg,Neutral
127,2023-05-24,AAPL,Market watchers await AAPL earnings report,Reuters,Neutral
128,2023-05-25,JNJ,Analysts downgrade JNJ citing weak outlook,Bloomberg,Negative
129,2023-05-26,BAC,BAC faces regulatory scrutiny over practices,Financial Times,Negative
130,2023-05-26,CVX,Market watchers await CVX earnings report,CNBC,Neutral
131,2023-05-30,CVX,CVX announces new product launch to strong demand,Financial Times,Positive
132,2023-05-31,GOOGL,GOOGL shares slide on supply chain concerns,Reuters,Negative
133,2023-05-31,AMZN,"AMZN misses earnings estimates, shares fall",Financial Times,Negative
134,2023-06-01,GOOGL,GOOGL faces regulatory scrutiny over practices,Bloomberg,Negative
135,2023-06-02,AAPL,AAPL shares slide on supply chain concerns,MarketWatch,Negative
136,2023-06-02,MSFT,Market watchers await MSFT earnings report,Financial Times,Neutral
137,2023-06-02,BAC,Analysts upgrade BAC on strong revenue growth,Bloomberg,Positive
138,2023-06-02,JNJ,JNJ board approves routine dividend payment,Reuters,Neutral
139,2023-06-02,PFE,PFE shares slide on supply chain concerns,Reuters,Negative
140,2023-06-05,JPM,JPM faces regulatory scrutiny over practices,Bloomberg,Negative
141,2023-06-05,BAC,BAC reports record profit margins this quarter,CNBC,Positive
142,2023-06-05,PFE,Analysts upgrade PFE on strong revenue growth,CNBC,Positive
143,2023-06-06,PFE,PFE shares slide on supply chain concerns,CNBC,Negative
144,2023-06-07,MSFT,MSFT shares rally after positive guidance,Financial Times,Positive
145,2023-06-07,CVX,Market watchers await CVX earnings report,Financial Times,Neutral
146,2023-06-08,AMZN,Market watchers await AMZN earnings report,Bloomberg,Neutral
147,2023-06-09,XOM,XOM faces regulatory scrutiny over practices,Financial Times,Negative
148,2023-06-12,CVX,CVX completes previously announced share buyback,Bloomberg,Neutral
149,2023-06-14,AAPL,AAPL beats quarterly earnings expectations,MarketWatch,Positive
150,2023-06-14,AMZN,AMZN announces new product launch to strong demand,Reuters,Positive
151,2023-06-14,CVX,CVX beats quarterly earnings expectations,Reuters,Positive
152,2023-06-15,AMZN,AMZN reports record profit margins this quarter,CNBC,Positive
153,2023-06-16,AAPL,AAPL faces regulatory scrutiny over practices,Bloomberg,Negative
154,2023-06-16,JNJ,Analysts upgrade JNJ on strong revenue growth,Reuters,Positive
155,2023-06-19,CVX,CVX announces layoffs amid cost-cutting drive,Financial Times,Negative
156,2023-06-20,GOOGL,GOOGL board approves routine dividend payment,Reuters,Neutral
157,2023-06-20,XOM,XOM reports record profit margins this quarter,CNBC,Positive
158,2023-06-21,AAPL,AAPL announces new product launch to strong demand,Reuters,Positive
159,2023-06-21,GOOGL,GOOGL shares rally after positive guidance,MarketWatch,Positive
160,2023-06-23,BAC,BAC beats quarterly earnings expectations,Financial Times,Positive
161,2023-06-23,XOM,XOM to present at industry conference next week,Reuters,Neutral
162,2023-06-26,JPM,JPM beats quarterly earnings expectations,Financial Times,Positive
163,2023-06-26,XOM,XOM announces layoffs amid cost-cutting drive,Bloomberg,Negative
164,2023-06-28,GOOGL,"GOOGL misses earnings estimates, shares fall",Bloomberg,Negative
165,2023-06-28,JNJ,JNJ beats quarterly earnings expectations,MarketWatch,Positive
166,2023-06-29,AAPL,AAPL reports record profit margins this quarter,Reuters,Positive
167,2023-06-29,MSFT,MSFT faces regulatory scrutiny over practices,Bloomberg,Negative
168,2023-06-29,GOOGL,Analysts upgrade GOOGL on strong revenue growth,Reuters,Positive
169,2023-06-29,BAC,Analysts downgrade BAC citing weak outlook,CNBC,Negative
170,2023-06-29,PFE,Analysts downgrade PFE citing weak outlook,Reuters,Negative
171,2023-06-30,AMZN,AMZN schedules quarterly earnings call,Bloomberg,Neutral
172,2023-07-03,JNJ,JNJ to present at industry conference next week,Reuters,Neutral
173,2023-07-04,GOOGL,GOOGL announces layoffs amid cost-cutting drive,CNBC,Negative
174,2023-07-05,MSFT,MSFT announces new product launch to strong demand,Reuters,Positive
175,2023-07-05,JPM,Market watchers await JPM earnings report,CNBC,Neutral
176,2023-07-06,GOOGL,GOOGL announces new product launch to strong demand,Bloomberg,Positive
177,2023-07-06,CVX,CVX announces layoffs amid cost-cutting drive,Financial Times,Negative
178,2023-07-10,MSFT,MSFT shares slide on supply chain concerns,Reuters,Negative
179,2023-07-10,BAC,BAC completes previously announced share buyback,Reuters,Neutral
180,2023-07-11,AMZN,AMZN announces new product launch to strong demand,MarketWatch,Positive
181,2023-07-13,JNJ,JNJ announces layoffs amid cost-cutting drive,Bloomberg,Negative
182,2023-07-14,AMZN,AMZN shares rally after positive guidance,Financial Times,Positive
183,2023-07-14,JPM,Analysts downgrade JPM citing weak outlook,Bloomberg,Negative
184,2023-07-17,MSFT,Market watchers await MSFT earnings report,MarketWatch,Neutral
185,2023-07-17,JNJ,Analysts upgrade JNJ on strong revenue growth,Bloomberg,Positive
186,2023-07-17,PFE,Analysts upgrade PFE on strong revenue growth,CNBC,Positive
187,2023-07-18,AAPL,AAPL beats quarterly earnings expectations,Reuters,Positive
188,2023-07-18,CVX,CVX shares rally after positive guidance,Reuters,Positive
189,2023-07-19,BAC,BAC schedules quarterly earnings call,Reuters,Neutral
190,2023-07-20,AAPL,AAPL announces new product launch to strong demand,MarketWatch,Positive
191,2023-07-20,MSFT,MSFT announces new product launch to strong demand,Financial Times,Positive
192,2023-07-20,CVX,Market watchers await CVX earnings report,Bloomberg,Neutral
193,2023-07-21,BAC,BAC board approves routine dividend payment,CNBC,Neutral
194,2023-07-21,PFE,PFE announces layoffs amid cost-cutting drive,Reuters,Negative
195,2023-07-26,CVX,CVX board approves routine dividend payment,Financial Times,Neutral
196,2023-07-26,JNJ,JNJ to present at industry conference next week,CNBC,Neutral
197,2023-07-27,AMZN,AMZN completes previously announced share buyback,Financial Times,Neutral
198,2023-07-27,BAC,"BAC misses earnings estimates, shares fall",CNBC,Negative
199,2023-07-28,XOM,XOM reports record profit margins this quarter,MarketWatch,Positive
200,2023-07-28,JNJ,Analysts downgrade JNJ citing weak outlook,Financial Times,Negative
201,2023-07-31,MSFT,Analysts downgrade MSFT citing weak outlook,CNBC,Negative
202,2023-08-01,MSFT,"MSFT misses earnings estimates, shares fall",CNBC,Negative
203,2023-08-02,AAPL,"AAPL misses earnings estimates, shares fall",MarketWatch,Negative
204,2023-08-03,JNJ,JNJ to present at industry conference next week,Bloomberg,Neutral
205,2023-08-04,JNJ,Analysts upgrade JNJ on strong revenue growth,Reuters,Positive
206,2023-08-07,CVX,CVX to present at industry conference next week,Bloomberg,Neutral
207,2023-08-08,JNJ,JNJ announces new product launch to strong demand,MarketWatch,Positive
208,2023-08-10,BAC,"BAC misses earnings estimates, shares fall",CNBC,Negative
209,2023-08-11,AMZN,AMZN completes previously announced share buyback,Reuters,Neutral
210,2023-08-14,AAPL,AAPL completes previously announced share buyback,Bloomberg,Neutral
211,2023-08-14,MSFT,MSFT reports record profit margins this quarter,MarketWatch,Positive
212,2023-08-14,PFE,PFE beats quarterly earnings expectations,Reuters,Positive
213,2023-08-15,JNJ,JNJ announces layoffs amid cost-cutting drive,Reuters,Negative
214,2023-08-21,XOM,XOM schedules quarterly earnings call,Financial Times,Neutral
215,2023-08-22,AMZN,AMZN beats quarterly earnings expectations,CNBC,Positive
216,2023-08-23,AMZN,AMZN faces regulatory scrutiny over practices,CNBC,Negative
217,2023-08-23,BAC,"BAC misses earnings estimates, shares fall",CNBC,Negative
218,2023-08-23,PFE,PFE to present at industry conference next week,MarketWatch,Neutral
219,2023-08-24,GOOGL,GOOGL shares rally after positive guidance,MarketWatch,Positive
220,2023-08-25,BAC,BAC schedules quarterly earnings call,MarketWatch,Neutral
221,2023-08-30,GOOGL,GOOGL beats quarterly earnings expectations,Bloomberg,Positive
222,2023-08-30,JPM,JPM completes previously announced share buyback,CNBC,Neutral
223,2023-08-30,CVX,"CVX misses earnings estimates, shares fall",Bloomberg,Negative
224,2023-08-31,BAC,BAC faces regulatory scrutiny over practices,MarketWatch,Negative
225,2023-09-01,JNJ,JNJ to present at industry conference next week,Reuters,Neutral
226,2023-09-05,AAPL,Analysts upgrade AAPL on strong revenue growth,Reuters,Positive
227,2023-09-05,AMZN,AMZN announces layoffs amid cost-cutting drive,Bloomberg,Negative
228,2023-09-05,PFE,Analysts upgrade PFE on strong revenue growth,Reuters,Positive
229,2023-09-07,JNJ,Market watchers await JNJ earnings report,Bloomberg,Neutral
230,2023-09-08,JPM,JPM completes previously announced share buyback,MarketWatch,Neutral
231,2023-09-08,BAC,BAC announces layoffs amid cost-cutting drive,Bloomberg,Negative
232,2023-09-08,CVX,CVX completes previously announced share buyback,Bloomberg,Neutral
233,2023-09-12,JNJ,Analysts upgrade JNJ on strong revenue growth,Reuters,Positive
234,2023-09-12,PFE,PFE shares slide on supply chain concerns,CNBC,Negative
235,2023-09-13,AAPL,"AAPL misses earnings estimates, shares fall",MarketWatch,Negative
236,2023-09-13,GOOGL,Analysts downgrade GOOGL citing weak outlook,CNBC,Negative
237,2023-09-15,MSFT,MSFT beats quarterly earnings expectations,Financial Times,Positive
238,2023-09-18,CVX,CVX announces new product launch to strong demand,Financial Times,Positive
239,2023-09-19,AAPL,AAPL reports record profit margins this quarter,MarketWatch,Positive
240,2023-09-20,AAPL,AAPL shares rally after positive guidance,Reuters,Positive
241,2023-09-20,GOOGL,GOOGL completes previously announced share buyback,MarketWatch,Neutral
242,2023-09-21,GOOGL,GOOGL shares rally after positive guidance,MarketWatch,Positive
243,2023-09-22,XOM,XOM reports record profit margins this quarter,Financial Times,Positive
244,2023-09-22,CVX,CVX board approves routine dividend payment,Bloomberg,Neutral
245,2023-09-22,JNJ,JNJ shares rally after positive guidance,MarketWatch,Positive
246,2023-09-22,PFE,Analysts upgrade PFE on strong revenue growth,MarketWatch,Positive
247,2023-09-26,JNJ,JNJ board approves routine dividend payment,Reuters,Neutral
248,2023-09-26,PFE,PFE reports record profit margins this quarter,Bloomberg,Positive
249,2023-09-28,JPM,JPM schedules quarterly earnings call,Bloomberg,Neutral
250,2023-10-03,GOOGL,GOOGL faces regulatory scrutiny over practices,MarketWatch,Negative
251,2023-10-03,JNJ,JNJ faces regulatory scrutiny over practices,CNBC,Negative
252,2023-10-04,XOM,XOM faces regulatory scrutiny over practices,Reuters,Negative
253,2023-10-05,GOOGL,GOOGL schedules quarterly earnings call,MarketWatch,Neutral
254,2023-10-05,CVX,CVX faces regulatory scrutiny over practices,CNBC,Negative
255,2023-10-09,GOOGL,GOOGL reports record profit margins this quarter,Financial Times,Positive
256,2023-10-10,MSFT,MSFT faces regulatory scrutiny over practices,Bloomberg,Negative
257,2023-10-11,AMZN,AMZN beats quarterly earnings expectations,MarketWatch,Positive
258,2023-10-11,JNJ,JNJ reports record profit margins this quarter,MarketWatch,Positive
259,2023-10-12,AAPL,"AAPL misses earnings estimates, shares fall",CNBC,Negative
260,2023-10-12,JNJ,Analysts downgrade JNJ citing weak outlook,Reuters,Negative
261,2023-10-16,XOM,XOM schedules quarterly earnings call,Reuters,Neutral
262,2023-10-17,CVX,CVX shares slide on supply chain concerns,Reuters,Negative
263,2023-10-19,AMZN,AMZN board approves routine dividend payment,Financial Times,Neutral
264,2023-10-19,CVX,Analysts upgrade CVX on strong revenue growth,MarketWatch,Positive
265,2023-10-23,AAPL,Analysts upgrade AAPL on strong revenue growth,CNBC,Positive
266,2023-10-23,AMZN,AMZN faces regulatory scrutiny over practices,MarketWatch,Negative
267,2023-10-23,JNJ,JNJ faces regulatory scrutiny over practices,CNBC,Negative
268,2023-10-24,GOOGL,GOOGL board approves routine dividend payment,Reuters,Neutral
269,2023-10-26,BAC,BAC completes previously announced share buyback,MarketWatch,Neutral
270,2023-10-26,JNJ,JNJ shares rally after positive guidance,MarketWatch,Positive
271,2023-11-03,MSFT,"MSFT misses earnings estimates, shares fall",MarketWatch,Negative
272,2023-11-03,CVX,Analysts downgrade CVX citing weak outlook,CNBC,Negative
273,2023-11-03,PFE,Analysts downgrade PFE citing weak outlook,MarketWatch,Negative
274,2023-11-06,MSFT,MSFT announces new product launch to strong demand,Financial Times,Positive
275,2023-11-06,BAC,"BAC misses earnings estimates, shares fall",Bloomberg,Negative
276,2023-11-07,MSFT,MSFT reports record profit margins this quarter,CNBC,Positive
277,2023-11-08,GOOGL,GOOGL to present at industry conference next week,Financial Times,Neutral
278,2023-11-08,CVX,Market watchers await CVX earnings report,CNBC,Neutral
279,2023-11-09,AAPL,AAPL beats quarterly earnings expectations,Bloomberg,Positive
280,2023-11-13,XOM,Market watchers await XOM earnings report,MarketWatch,Neutral
281,2023-11-14,GOOGL,GOOGL beats quarterly earnings expectations,Bloomberg,Positive
282,2023-11-15,XOM,XOM completes previously announced share buyback,Bloomberg,Neutral
283,2023-11-16,CVX,CVX shares slide on supply chain concerns,Bloomberg,Negative
284,2023-11-22,AAPL,AAPL board approves routine dividend payment,Reuters,Neutral
285,2023-11-22,GOOGL,Market watchers await GOOGL earnings report,Reuters,Neutral
286,2023-11-22,AMZN,AMZN announces new product launch to strong demand,Financial Times,Positive
287,2023-11-22,PFE,PFE faces regulatory scrutiny over practices,Financial Times,Negative
288,2023-11-23,GOOGL,GOOGL announces new product launch to strong demand,MarketWatch,Positive
289,2023-11-23,BAC,BAC reports record profit margins this quarter,Bloomberg,Positive
290,2023-11-27,AAPL,AAPL faces regulatory scrutiny over practices,Financial Times,Negative
291,2023-11-27,GOOGL,GOOGL to present at industry conference next week,Financial Times,Neutral
292,2023-11-27,AMZN,AMZN announces new product launch to strong demand,Bloomberg,Positive
293,2023-11-30,BAC,BAC to present at industry conference next week,MarketWatch,Neutral
294,2023-12-01,PFE,PFE announces layoffs amid cost-cutting drive,Financial Times,Negative
295,2023-12-05,BAC,BAC faces regulatory scrutiny over practices,MarketWatch,Negative
296,2023-12-05,XOM,Analysts upgrade XOM on strong revenue growth,Financial Times,Positive
297,2023-12-05,CVX,CVX shares rally after positive guidance,CNBC,Positive
298,2023-12-06,AAPL,Market watchers await AAPL earnings report,CNBC,Neutral
299,2023-12-06,GOOGL,GOOGL faces regulatory scrutiny over practices,Reuters,Negative
300,2023-12-07,XOM,XOM shares slide on supply chain concerns,Bloomberg,Negative
301,2023-12-08,GOOGL,GOOGL board approves routine dividend payment,MarketWatch,Neutral
302,2023-12-11,XOM,XOM reports record profit margins this quarter,MarketWatch,Positive
303,2023-12-12,JPM,Analysts upgrade JPM on strong revenue growth,Bloomberg,Positive
304,2023-12-15,AAPL,AAPL beats quarterly earnings expectations,Bloomberg,Positive
305,2023-12-15,XOM,Market watchers await XOM earnings report,MarketWatch,Neutral
306,2023-12-18,XOM,XOM announces layoffs amid cost-cutting drive,CNBC,Negative
307,2023-12-18,JNJ,JNJ reports record profit margins this quarter,Financial Times,Positive
308,2023-12-19,JNJ,JNJ beats quarterly earnings expectations,Bloomberg,Positive
309,2023-12-20,CVX,CVX beats quarterly earnings expectations,CNBC,Positive
310,2023-12-21,MSFT,MSFT to present at industry conference next week,MarketWatch,Neutral
311,2023-12-21,XOM,"XOM misses earnings estimates, shares fall",Financial Times,Negative
312,2023-12-22,BAC,BAC reports record profit margins this quarter,Reuters,Positive
313,2023-12-25,CVX,CVX shares rally after positive guidance,MarketWatch,Positive
314,2023-12-26,AAPL,AAPL to present at industry conference next week,Bloomberg,Neutral
315,2023-12-27,MSFT,MSFT beats quarterly earnings expectations,Reuters,Positive
316,2023-12-28,JNJ,JNJ faces regulatory scrutiny over practices,Financial Times,Negative
317,2024-01-01,AAPL,AAPL shares slide on supply chain concerns,Bloomberg,Negative
318,2024-01-02,AMZN,AMZN to present at industry conference next week,MarketWatch,Neutral
319,2024-01-08,AAPL,AAPL completes previously announced share buyback,Bloomberg,Neutral
320,2024-01-08,JPM,"JPM misses earnings estimates, shares fall",Reuters,Negative
321,2024-01-09,JPM,JPM beats quarterly earnings expectations,CNBC,Positive
322,2024-01-10,GOOGL,GOOGL completes previously announced share buyback,Bloomberg,Neutral
323,2024-01-10,JPM,JPM reports record profit margins this quarter,Financial Times,Positive
324,2024-01-10,BAC,BAC announces new product launch to strong demand,Bloomberg,Positive
325,2024-01-12,MSFT,Analysts upgrade MSFT on strong revenue growth,CNBC,Positive
326,2024-01-12,CVX,Analysts upgrade CVX on strong revenue growth,CNBC,Positive
327,2024-01-15,CVX,"CVX misses earnings estimates, shares fall",MarketWatch,Negative
328,2024-01-16,GOOGL,Analysts upgrade GOOGL on strong revenue growth,Financial Times,Positive
329,2024-01-17,AAPL,AAPL announces new product launch to strong demand,Bloomberg,Positive
330,2024-01-17,PFE,PFE announces layoffs amid cost-cutting drive,Reuters,Negative
331,2024-01-18,GOOGL,GOOGL announces new product launch to strong demand,Financial Times,Positive
332,2024-01-18,JPM,Analysts downgrade JPM citing weak outlook,Bloomberg,Negative
333,2024-01-19,PFE,PFE schedules quarterly earnings call,Financial Times,Neutral
334,2024-01-25,MSFT,MSFT beats quarterly earnings expectations,Reuters,Positive
335,2024-01-26,CVX,CVX faces regulatory scrutiny over practices,Financial Times,Negative
336,2024-01-29,XOM,XOM completes previously announced share buyback,MarketWatch,Neutral
337,2024-01-30,GOOGL,GOOGL shares rally after positive guidance,MarketWatch,Positive
338,2024-02-01,MSFT,Market watchers await MSFT earnings report,Bloomberg,Neutral
339,2024-02-01,GOOGL,GOOGL to present at industry conference next week,Reuters,Neutral
340,2024-02-02,GOOGL,GOOGL shares rally after positive guidance,Reuters,Positive
341,2024-02-05,AAPL,AAPL shares rally after positive guidance,MarketWatch,Positive
342,2024-02-05,XOM,Analysts downgrade XOM citing weak outlook,MarketWatch,Negative
343,2024-02-06,AMZN,AMZN reports record profit margins this quarter,Financial Times,Positive
344,2024-02-07,XOM,XOM announces new product launch to strong demand,Bloomberg,Positive
345,2024-02-09,JNJ,JNJ announces new product launch to strong demand,MarketWatch,Positive
346,2024-02-13,AAPL,Market watchers await AAPL earnings report,CNBC,Neutral
347,2024-02-13,MSFT,"MSFT misses earnings estimates, shares fall",Financial Times,Negative
348,2024-02-14,CVX,CVX board approves routine dividend payment,MarketWatch,Neutral
349,2024-02-15,MSFT,Analysts downgrade MSFT citing weak outlook,MarketWatch,Negative
350,2024-02-15,BAC,BAC shares rally after positive guidance,MarketWatch,Positive
351,2024-02-16,JNJ,JNJ reports record profit margins this quarter,MarketWatch,Positive
352,2024-02-16,PFE,PFE shares rally after positive guidance,Reuters,Positive
353,2024-02-19,AAPL,AAPL announces new product launch to strong demand,Reuters,Positive
354,2024-02-19,PFE,Analysts upgrade PFE on strong revenue growth,Reuters,Positive
355,2024-02-20,MSFT,MSFT schedules quarterly earnings call,Reuters,Neutral
356,2024-02-20,JPM,JPM announces new product launch to strong demand,MarketWatch,Positive
357,2024-02-22,AMZN,AMZN announces layoffs amid cost-cutting drive,Bloomberg,Negative
358,2024-02-22,JPM,JPM reports record profit margins this quarter,Reuters,Positive
359,2024-02-23,AAPL,Analysts upgrade AAPL on strong revenue growth,Financial Times,Positive
360,2024-02-23,AMZN,AMZN announces layoffs amid cost-cutting drive,Reuters,Negative
361,2024-02-23,JNJ,JNJ to present at industry conference next week,MarketWatch,Neutral
362,2024-02-26,MSFT,MSFT faces regulatory scrutiny over practices,Reuters,Negative
363,2024-03-01,AAPL,"AAPL misses earnings estimates, shares fall",MarketWatch,Negative
364,2024-03-01,GOOGL,GOOGL board approves routine dividend payment,Financial Times,Neutral
365,2024-03-04,BAC,BAC completes previously announced share buyback,Reuters,Neutral
366,2024-03-06,JNJ,Market watchers await JNJ earnings report,MarketWatch,Neutral
367,2024-03-08,JNJ,JNJ announces new product launch to strong demand,MarketWatch,Positive
368,2024-03-11,MSFT,MSFT schedules quarterly earnings call,Bloomberg,Neutral
369,2024-03-11,PFE,Analysts downgrade PFE citing weak outlook,Bloomberg,Negative
370,2024-03-12,CVX,CVX schedules quarterly earnings call,MarketWatch,Neutral
371,2024-03-13,XOM,Analysts upgrade XOM on strong revenue growth,Reuters,Positive
372,2024-03-14,GOOGL,GOOGL to present at industry conference next week,MarketWatch,Neutral
373,2024-03-15,GOOGL,"GOOGL misses earnings estimates, shares fall",CNBC,Negative
374,2024-03-19,MSFT,Market watchers await MSFT earnings report,CNBC,Neutral
375,2024-03-19,XOM,XOM announces new product launch to strong demand,Financial Times,Positive
376,2024-03-19,CVX,CVX shares rally after positive guidance,Bloomberg,Positive
377,2024-03-20,AAPL,Market watchers await AAPL earnings report,Reuters,Neutral
378,2024-03-20,JPM,JPM to present at industry conference next week,MarketWatch,Neutral
379,2024-03-21,PFE,PFE announces new product launch to strong demand,Reuters,Positive
380,2024-03-22,CVX,Analysts upgrade CVX on strong revenue growth,CNBC,Positive
381,2024-03-26,MSFT,MSFT reports record profit margins this quarter,Bloomberg,Positive
382,2024-03-27,MSFT,MSFT shares rally after positive guidance,Bloomberg,Positive
383,2024-03-27,JPM,JPM announces new product launch to strong demand,Financial Times,Positive
384,2024-03-27,PFE,Market watchers await PFE earnings report,CNBC,Neutral
385,2024-03-28,GOOGL,GOOGL schedules quarterly earnings call,Bloomberg,Neutral
386,2024-03-29,MSFT,MSFT reports record profit margins this quarter,Bloomberg,Positive
387,2024-03-29,GOOGL,GOOGL shares rally after positive guidance,Reuters,Positive
388,2024-04-01,BAC,BAC announces new product launch to strong demand,Reuters,Positive
389,2024-04-02,CVX,"CVX misses earnings estimates, shares fall",Reuters,Negative
390,2024-04-05,XOM,XOM announces layoffs amid cost-cutting drive,Financial Times,Negative
391,2024-04-05,CVX,CVX shares slide on supply chain concerns,Reuters,Negative
392,2024-04-08,JNJ,JNJ beats quarterly earnings expectations,CNBC,Positive
393,2024-04-09,AAPL,AAPL reports record profit margins this quarter,Bloomberg,Positive
394,2024-04-11,BAC,Analysts downgrade BAC citing weak outlook,Reuters,Negative
395,2024-04-15,GOOGL,GOOGL board approves routine dividend payment,MarketWatch,Neutral
396,2024-04-15,AMZN,Analysts upgrade AMZN on strong revenue growth,Reuters,Positive
397,2024-04-15,CVX,CVX shares rally after positive guidance,CNBC,Positive
398,2024-04-16,CVX,CVX shares slide on supply chain concerns,Financial Times,Negative
399,2024-04-17,PFE,Analysts upgrade PFE on strong revenue growth,Financial Times,Positive
400,2024-04-19,AAPL,Analysts upgrade AAPL on strong revenue growth,Financial Times,Positive
401,2024-04-19,MSFT,MSFT beats quarterly earnings expectations,CNBC,Positive
402,2024-04-19,XOM,XOM announces layoffs amid cost-cutting drive,Bloomberg,Negative
403,2024-04-23,AMZN,AMZN completes previously announced share buyback,Financial Times,Neutral
404,2024-04-24,XOM,XOM beats quarterly earnings expectations,Financial Times,Positive
405,2024-04-25,JPM,JPM announces new product launch to strong demand,Financial Times,Positive
406,2024-04-25,JNJ,JNJ announces new product launch to strong demand,Financial Times,Positive
407,2024-04-25,PFE,Analysts downgrade PFE citing weak outlook,Reuters,Negative
408,2024-04-29,AMZN,AMZN to present at industry conference next week,Bloomberg,Neutral
409,2024-04-29,CVX,CVX board approves routine dividend payment,Reuters,Neutral
410,2024-05-02,AAPL,AAPL beats quarterly earnings expectations,MarketWatch,Positive
411,2024-05-02,XOM,XOM board approves routine dividend payment,Reuters,Neutral
412,2024-05-03,MSFT,MSFT schedules quarterly earnings call,Financial Times,Neutral
413,2024-05-07,GOOGL,GOOGL shares slide on supply chain concerns,Financial Times,Negative
414,2024-05-10,JPM,JPM schedules quarterly earnings call,CNBC,Neutral
415,2024-05-10,JNJ,JNJ board approves routine dividend payment,Reuters,Neutral
416,2024-05-10,PFE,PFE faces regulatory scrutiny over practices,Financial Times,Negative
417,2024-05-14,PFE,PFE reports record profit margins this quarter,Bloomberg,Positive
418,2024-05-15,AAPL,AAPL reports record profit margins this quarter,Financial Times,Positive
419,2024-05-15,AMZN,AMZN faces regulatory scrutiny over practices,MarketWatch,Negative
420,2024-05-16,AMZN,Analysts upgrade AMZN on strong revenue growth,Reuters,Positive
421,2024-05-20,XOM,"XOM misses earnings estimates, shares fall",CNBC,Negative
422,2024-05-20,PFE,Analysts upgrade PFE on strong revenue growth,Reuters,Positive
423,2024-05-21,AMZN,AMZN completes previously announced share buyback,CNBC,Neutral
424,2024-05-21,JPM,JPM announces new product launch to strong demand,MarketWatch,Positive
425,2024-05-22,AMZN,AMZN shares rally after positive guidance,Bloomberg,Positive
426,2024-05-22,PFE,Analysts upgrade PFE on strong revenue growth,MarketWatch,Positive
427,2024-05-24,AMZN,"AMZN misses earnings estimates, shares fall",MarketWatch,Negative
428,2024-05-27,XOM,"XOM misses earnings estimates, shares fall",Bloomberg,Negative
429,2024-05-28,GOOGL,"GOOGL misses earnings estimates, shares fall",Bloomberg,Negative
430,2024-05-28,JPM,JPM shares slide on supply chain concerns,Financial Times,Negative
431,2024-05-28,CVX,CVX beats quarterly earnings expectations,Bloomberg,Positive
432,2024-05-29,AMZN,AMZN announces layoffs amid cost-cutting drive,MarketWatch,Negative
433,2024-05-31,GOOGL,Analysts downgrade GOOGL citing weak outlook,CNBC,Negative
434,2024-05-31,XOM,Analysts downgrade XOM citing weak outlook,Reuters,Negative
435,2024-06-06,GOOGL,GOOGL completes previously announced share buyback,MarketWatch,Neutral
436,2024-06-07,GOOGL,GOOGL announces new product launch to strong demand,Financial Times,Positive
437,2024-06-07,AMZN,AMZN announces new product launch to strong demand,Bloomberg,Positive
438,2024-06-10,MSFT,MSFT announces layoffs amid cost-cutting drive,Bloomberg,Negative
439,2024-06-10,JNJ,JNJ reports record profit margins this quarter,Financial Times,Positive
440,2024-06-11,AAPL,AAPL announces new product launch to strong demand,Reuters,Positive
441,2024-06-11,GOOGL,GOOGL to present at industry conference next week,CNBC,Neutral
442,2024-06-11,PFE,PFE board approves routine dividend payment,Bloomberg,Neutral
443,2024-06-12,BAC,BAC to present at industry conference next week,MarketWatch,Neutral
444,2024-06-14,JNJ,"JNJ misses earnings estimates, shares fall",Bloomberg,Negative
445,2024-06-18,BAC,BAC schedules quarterly earnings call,Reuters,Neutral
446,2024-06-19,AAPL,AAPL announces new product launch to strong demand,MarketWatch,Positive
447,2024-06-20,JPM,JPM faces regulatory scrutiny over practices,MarketWatch,Negative
448,2024-06-20,JNJ,"JNJ misses earnings estimates, shares fall",CNBC,Negative
449,2024-06-26,PFE,PFE reports record profit margins this quarter,CNBC,Positive
450,2024-06-27,BAC,Analysts downgrade BAC citing weak outlook,Reuters,Negative
451,2024-06-27,PFE,PFE beats quarterly earnings expectations,Reuters,Positive
452,2024-06-28,AMZN,"AMZN misses earnings estimates, shares fall",MarketWatch,Negative
453,2024-07-01,MSFT,MSFT reports record profit margins this quarter,Financial Times,Positive
454,2024-07-01,AMZN,Market watchers await AMZN earnings report,Bloomberg,Neutral
455,2024-07-01,JPM,JPM beats quarterly earnings expectations,CNBC,Positive
456,2024-07-01,BAC,BAC schedules quarterly earnings call,Reuters,Neutral
457,2024-07-01,CVX,CVX faces regulatory scrutiny over practices,Bloomberg,Negative
458,2024-07-01,JNJ,JNJ completes previously announced share buyback,CNBC,Neutral
459,2024-07-03,MSFT,MSFT board approves routine dividend payment,CNBC,Neutral
460,2024-07-04,AAPL,AAPL reports record profit margins this quarter,CNBC,Positive
461,2024-07-04,JPM,JPM shares slide on supply chain concerns,Bloomberg,Negative
462,2024-07-08,XOM,XOM shares rally after positive guidance,Bloomberg,Positive
463,2024-07-08,CVX,Analysts upgrade CVX on strong revenue growth,CNBC,Positive
464,2024-07-09,AAPL,AAPL schedules quarterly earnings call,Reuters,Neutral
465,2024-07-11,BAC,BAC faces regulatory scrutiny over practices,Bloomberg,Negative
466,2024-07-11,JNJ,JNJ shares slide on supply chain concerns,CNBC,Negative
467,2024-07-12,JPM,JPM beats quarterly earnings expectations,Financial Times,Positive
468,2024-07-15,JPM,JPM reports record profit margins this quarter,Financial Times,Positive
469,2024-07-16,MSFT,MSFT to present at industry conference next week,MarketWatch,Neutral
470,2024-07-17,BAC,BAC completes previously announced share buyback,Bloomberg,Neutral
471,2024-07-18,MSFT,MSFT completes previously announced share buyback,MarketWatch,Neutral
472,2024-07-18,BAC,BAC schedules quarterly earnings call,Bloomberg,Neutral
473,2024-07-19,AMZN,"AMZN misses earnings estimates, shares fall",Reuters,Negative
474,2024-07-25,JPM,Analysts upgrade JPM on strong revenue growth,Bloomberg,Positive
475,2024-07-26,GOOGL,GOOGL announces layoffs amid cost-cutting drive,Reuters,Negative
476,2024-07-29,CVX,CVX shares slide on supply chain concerns,CNBC,Negative
477,2024-07-31,MSFT,MSFT beats quarterly earnings expectations,MarketWatch,Positive
478,2024-07-31,GOOGL,GOOGL faces regulatory scrutiny over practices,Bloomberg,Negative
479,2024-08-01,AMZN,AMZN reports record profit margins this quarter,Bloomberg,Positive
480,2024-08-01,BAC,Analysts downgrade BAC citing weak outlook,MarketWatch,Negative
481,2024-08-01,PFE,PFE announces new product launch to strong demand,CNBC,Positive
482,2024-08-02,JNJ,Analysts upgrade JNJ on strong revenue growth,Reuters,Positive
483,2024-08-05,GOOGL,GOOGL schedules quarterly earnings call,CNBC,Neutral
484,2024-08-05,AMZN,Analysts downgrade AMZN citing weak outlook,Bloomberg,Negative
485,2024-08-07,AMZN,AMZN reports record profit margins this quarter,MarketWatch,Positive
486,2024-08-07,BAC,BAC completes previously announced share buyback,CNBC,Neutral
487,2024-08-07,CVX,CVX board approves routine dividend payment,MarketWatch,Neutral
488,2024-08-08,XOM,XOM reports record profit margins this quarter,Reuters,Positive
489,2024-08-08,PFE,PFE beats quarterly earnings expectations,Financial Times,Positive
490,2024-08-12,AMZN,AMZN schedules quarterly earnings call,Bloomberg,Neutral
491,2024-08-12,PFE,PFE to present at industry conference next week,Bloomberg,Neutral
492,2024-08-13,BAC,BAC board approves routine dividend payment,Bloomberg,Neutral
493,2024-08-13,JNJ,JNJ shares rally after positive guidance,Financial Times,Positive
494,2024-08-14,AAPL,AAPL announces new product launch to strong demand,Reuters,Positive
495,2024-08-14,JPM,JPM shares rally after positive guidance,Reuters,Positive
496,2024-08-16,XOM,XOM reports record profit margins this quarter,Financial Times,Positive
497,2024-08-16,JNJ,JNJ shares rally after positive guidance,MarketWatch,Positive
498,2024-08-19,AMZN,"AMZN misses earnings estimates, shares fall",CNBC,Negative
499,2024-08-19,BAC,BAC beats quarterly earnings expectations,CNBC,Positive
500,2024-08-20,AAPL,Analysts downgrade AAPL citing weak outlook,Financial Times,Negative
501,2024-08-20,JNJ,JNJ announces layoffs amid cost-cutting drive,CNBC,Negative
502,2024-08-21,AMZN,AMZN reports record profit margins this quarter,Financial Times,Positive
503,2024-08-26,AAPL,AAPL beats quarterly earnings expectations,Financial Times,Positive
504,2024-08-26,AMZN,Market watchers await AMZN earnings report,CNBC,Neutral
505,2024-08-26,XOM,XOM to present at industry conference next week,MarketWatch,Neutral
506,2024-08-26,PFE,PFE beats quarterly earnings expectations,Financial Times,Positive
507,2024-08-28,AMZN,"AMZN misses earnings estimates, shares fall",Bloomberg,Negative
508,2024-08-28,PFE,PFE board approves routine dividend payment,Reuters,Neutral
509,2024-08-29,BAC,Analysts upgrade BAC on strong revenue growth,Financial Times,Positive
510,2024-09-02,AAPL,AAPL beats quarterly earnings expectations,Financial Times,Positive
511,2024-09-04,XOM,XOM shares rally after positive guidance,CNBC,Positive
512,2024-09-05,JPM,JPM announces new product launch to strong demand,CNBC,Positive
513,2024-09-06,GOOGL,GOOGL reports record profit margins this quarter,CNBC,Positive
514,2024-09-06,JPM,JPM faces regulatory scrutiny over practices,Reuters,Negative
515,2024-09-09,AAPL,AAPL schedules quarterly earnings call,Bloomberg,Neutral
516,2024-09-10,JNJ,JNJ faces regulatory scrutiny over practices,MarketWatch,Negative
517,2024-09-11,GOOGL,GOOGL shares rally after positive guidance,Bloomberg,Positive
518,2024-09-11,BAC,Analysts upgrade BAC on strong revenue growth,Reuters,Positive
519,2024-09-11,XOM,"XOM misses earnings estimates, shares fall",Bloomberg,Negative
520,2024-09-11,CVX,"CVX misses earnings estimates, shares fall",MarketWatch,Negative
521,2024-09-12,AAPL,Analysts upgrade AAPL on strong revenue growth,MarketWatch,Positive
522,2024-09-12,JNJ,JNJ announces new product launch to strong demand,MarketWatch,Positive
523,2024-09-13,AAPL,AAPL shares rally after positive guidance,Financial Times,Positive
524,2024-09-18,XOM,"XOM misses earnings estimates, shares fall",Financial Times,Negative
525,2024-09-19,AMZN,AMZN announces new product launch to strong demand,Bloomberg,Positive
526,2024-09-20,XOM,XOM schedules quarterly earnings call,CNBC,Neutral
527,2024-09-20,PFE,PFE announces layoffs amid cost-cutting drive,MarketWatch,Negative
528,2024-09-23,JPM,Analysts downgrade JPM citing weak outlook,CNBC,Negative
529,2024-09-24,PFE,PFE beats quarterly earnings expectations,Bloomberg,Positive
530,2024-09-25,JNJ,JNJ to present at industry conference next week,CNBC,Neutral
531,2024-09-26,BAC,Analysts downgrade BAC citing weak outlook,Bloomberg,Negative
532,2024-09-26,PFE,Analysts downgrade PFE citing weak outlook,Financial Times,Negative
533,2024-10-02,CVX,CVX reports record profit margins this quarter,MarketWatch,Positive
534,2024-10-03,GOOGL,"GOOGL misses earnings estimates, shares fall",MarketWatch,Negative
535,2024-10-03,AMZN,AMZN shares rally after positive guidance,CNBC,Positive
536,2024-10-03,XOM,XOM faces regulatory scrutiny over practices,MarketWatch,Negative
537,2024-10-03,CVX,CVX to present at industry conference next week,Reuters,Neutral
538,2024-10-04,GOOGL,GOOGL faces regulatory scrutiny over practices,Bloomberg,Negative
539,2024-10-04,PFE,PFE reports record profit margins this quarter,Reuters,Positive
540,2024-10-07,AMZN,AMZN announces new product launch to strong demand,Bloomberg,Positive
541,2024-10-09,JPM,JPM beats quarterly earnings expectations,Financial Times,Positive
542,2024-10-10,BAC,BAC faces regulatory scrutiny over practices,CNBC,Negative
543,2024-10-11,AAPL,AAPL completes previously announced share buyback,Bloomberg,Neutral
544,2024-10-11,JPM,JPM reports record profit margins this quarter,Reuters,Positive
545,2024-10-11,XOM,Market watchers await XOM earnings report,Bloomberg,Neutral
546,2024-10-14,BAC,Analysts upgrade BAC on strong revenue growth,CNBC,Positive
547,2024-10-14,CVX,Market watchers await CVX earnings report,CNBC,Neutral
548,2024-10-16,CVX,CVX faces regulatory scrutiny over practices,MarketWatch,Negative
549,2024-10-17,AMZN,"AMZN misses earnings estimates, shares fall",MarketWatch,Negative
550,2024-10-17,JPM,JPM announces layoffs amid cost-cutting drive,CNBC,Negative
551,2024-10-17,PFE,PFE completes previously announced share buyback,CNBC,Neutral
552,2024-10-18,AAPL,AAPL announces new product launch to strong demand,Financial Times,Positive
553,2024-10-18,BAC,BAC beats quarterly earnings expectations,Reuters,Positive
554,2024-10-18,CVX,CVX announces layoffs amid cost-cutting drive,CNBC,Negative
555,2024-10-22,AMZN,AMZN to present at industry conference next week,MarketWatch,Neutral
556,2024-10-22,JNJ,Market watchers await JNJ earnings report,Bloomberg,Neutral
557,2024-10-23,AAPL,AAPL beats quarterly earnings expectations,Reuters,Positive
558,2024-10-23,BAC,Analysts upgrade BAC on strong revenue growth,Bloomberg,Positive
559,2024-10-23,PFE,PFE announces new product launch to strong demand,Financial Times,Positive
560,2024-10-24,MSFT,MSFT schedules quarterly earnings call,MarketWatch,Neutral
561,2024-10-24,AMZN,AMZN beats quarterly earnings expectations,MarketWatch,Positive
562,2024-10-28,MSFT,MSFT announces new product launch to strong demand,MarketWatch,Positive
563,2024-10-28,GOOGL,GOOGL completes previously announced share buyback,MarketWatch,Neutral
564,2024-10-28,BAC,"BAC misses earnings estimates, shares fall",Financial Times,Negative
565,2024-10-28,XOM,XOM beats quarterly earnings expectations,Financial Times,Positive
566,2024-10-29,CVX,CVX shares rally after positive guidance,Reuters,Positive
567,2024-10-30,GOOGL,GOOGL beats quarterly earnings expectations,Bloomberg,Positive
568,2024-10-30,PFE,Analysts upgrade PFE on strong revenue growth,Bloomberg,Positive
569,2024-11-01,JNJ,JNJ announces new product launch to strong demand,CNBC,Positive
570,2024-11-06,GOOGL,GOOGL shares slide on supply chain concerns,Bloomberg,Negative
571,2024-11-06,CVX,CVX announces new product launch to strong demand,Reuters,Positive
572,2024-11-07,AAPL,AAPL shares slide on supply chain concerns,CNBC,Negative
573,2024-11-07,BAC,Analysts upgrade BAC on strong revenue growth,MarketWatch,Positive
574,2024-11-07,PFE,PFE to present at industry conference next week,Financial Times,Neutral
575,2024-11-08,MSFT,MSFT beats quarterly earnings expectations,Bloomberg,Positive
576,2024-11-08,AMZN,AMZN completes previously announced share buyback,MarketWatch,Neutral
577,2024-11-08,BAC,BAC faces regulatory scrutiny over practices,Reuters,Negative
578,2024-11-11,CVX,CVX shares slide on supply chain concerns,Bloomberg,Negative
579,2024-11-13,MSFT,MSFT announces layoffs amid cost-cutting drive,Bloomberg,Negative
580,2024-11-13,JPM,Market watchers await JPM earnings report,Bloomberg,Neutral
581,2024-11-13,PFE,PFE announces layoffs amid cost-cutting drive,Financial Times,Negative
582,2024-11-14,MSFT,MSFT board approves routine dividend payment,Financial Times,Neutral
583,2024-11-14,CVX,CVX announces new product launch to strong demand,MarketWatch,Positive
584,2024-11-15,GOOGL,GOOGL schedules quarterly earnings call,CNBC,Neutral
585,2024-11-18,JPM,JPM completes previously announced share buyback,CNBC,Neutral
586,2024-11-19,MSFT,MSFT announces new product launch to strong demand,Bloomberg,Positive
587,2024-11-19,BAC,Analysts downgrade BAC citing weak outlook,MarketWatch,Negative
588,2024-11-22,CVX,CVX beats quarterly earnings expectations,MarketWatch,Positive
589,2024-11-22,PFE,PFE board approves routine dividend payment,MarketWatch,Neutral
590,2024-11-25,GOOGL,GOOGL shares rally after positive guidance,Financial Times,Positive
591,2024-11-26,MSFT,MSFT faces regulatory scrutiny over practices,Reuters,Negative
592,2024-11-26,GOOGL,"GOOGL misses earnings estimates, shares fall",Financial Times,Negative
593,2024-11-27,JPM,JPM reports record profit margins this quarter,Financial Times,Positive
594,2024-11-27,PFE,PFE announces new product launch to strong demand,Bloomberg,Positive
595,2024-11-28,AAPL,Analysts downgrade AAPL citing weak outlook,Financial Times,Negative
596,2024-11-28,GOOGL,GOOGL reports record profit margins this quarter,Reuters,Positive
597,2024-11-29,BAC,BAC announces new product launch to strong demand,Financial Times,Positive
598,2024-11-29,JNJ,JNJ faces regulatory scrutiny over practices,Financial Times,Negative
599,2024-12-02,AMZN,Analysts downgrade AMZN citing weak outlook,Reuters,Negative
600,2024-12-03,JNJ,JNJ completes previously announced share buyback,CNBC,Neutral
601,2024-12-04,GOOGL,GOOGL schedules quarterly earnings call,MarketWatch,Neutral
602,2024-12-04,CVX,CVX board approves routine dividend payment,MarketWatch,Neutral
603,2024-12-05,JPM,Analysts upgrade JPM on strong revenue growth,Financial Times,Positive
604,2024-12-05,XOM,Analysts downgrade XOM citing weak outlook,CNBC,Negative
605,2024-12-09,MSFT,Analysts downgrade MSFT citing weak outlook,Bloomberg,Negative
606,2024-12-09,GOOGL,GOOGL announces layoffs amid cost-cutting drive,Bloomberg,Negative
607,2024-12-09,XOM,Analysts downgrade XOM citing weak outlook,CNBC,Negative
608,2024-12-09,PFE,PFE shares slide on supply chain concerns,Reuters,Negative
609,2024-12-10,MSFT,Analysts upgrade MSFT on strong revenue growth,Reuters,Positive
610,2024-12-11,XOM,Analysts downgrade XOM citing weak outlook,CNBC,Negative
611,2024-12-12,AAPL,AAPL shares rally after positive guidance,Financial Times,Positive
612,2024-12-12,JNJ,JNJ shares rally after positive guidance,CNBC,Positive
613,2024-12-13,XOM,XOM reports record profit margins this quarter,MarketWatch,Positive
614,2024-12-13,JNJ,JNJ schedules quarterly earnings call,MarketWatch,Neutral
615,2024-12-17,BAC,BAC announces layoffs amid cost-cutting drive,CNBC,Negative
616,2024-12-17,CVX,CVX board approves routine dividend payment,MarketWatch,Neutral
617,2024-12-18,AAPL,AAPL beats quarterly earnings expectations,Reuters,Positive
618,2024-12-18,MSFT,MSFT announces layoffs amid cost-cutting drive,Financial Times,Negative
619,2024-12-18,AMZN,AMZN schedules quarterly earnings call,Reuters,Neutral
620,2024-12-18,CVX,CVX beats quarterly earnings expectations,Bloomberg,Positive
621,2024-12-19,GOOGL,GOOGL reports record profit margins this quarter,CNBC,Positive
622,2024-12-20,PFE,"PFE misses earnings estimates, shares fall",MarketWatch,Negative
623,2024-12-24,GOOGL,GOOGL announces new product launch to strong demand,Reuters,Positive
624,2024-12-24,BAC,BAC announces layoffs amid cost-cutting drive,Financial Times,Negative
625,2024-12-25,MSFT,MSFT shares rally after positive guidance,MarketWatch,Positive
626,2024-12-25,CVX,CVX shares rally after positive guidance,MarketWatch,Positive
627,2024-12-26,AAPL,AAPL faces regulatory scrutiny over practices,Reuters,Negative
628,2024-12-26,JNJ,JNJ beats quarterly earnings expectations,Reuters,Positive
629,2024-12-27,GOOGL,GOOGL schedules quarterly earnings call,CNBC,Neutral
630,2024-12-27,JNJ,Market watchers await JNJ earnings report,Reuters,Neutral
631,2024-12-30,AAPL,AAPL faces regulatory scrutiny over practices,MarketWatch,Negative
632,2024-12-30,CVX,CVX beats quarterly earnings expectations,Reuters,Positive
633,2024-12-30,JNJ,JNJ faces regulatory scrutiny over practices,MarketWatch,Negative
634,2024-12-31,CVX,"CVX misses earnings estimates, shares fall",CNBC,Negative
